% Model,tutorial_comsol_projeto1.mph
% Version,COMSOL 6.3.0.420
% Date,"Sep 3 2025, 13:09"
% Table,Accumulated Probe Table 3 - 
% gap (m),Effective_mode_index (1),C12,C21,X11,X22,K12,K21
1.0E-8,1.4988027009900116+2.2245252851268957E-9i,0.11774626298807118+4.7675464964341084E-14i,0.11774808906211166-4.767620434176785E-14i,7946227.237060732,7946350.471538811,98287.28396665266+3.690526799331349E-8i,98172.08198136558-3.858728960506673E-8i
1.0E-8,2.4041634205075195-4.847445063950489E-16i,0.11774626298807118+4.7675464964341084E-14i,0.11774808906211166-4.767620434176785E-14i,7946227.237060732,7946350.471538811,98287.28396665266+3.690526799331349E-8i,98172.08198136558-3.858728960506673E-8i
2.006711409395973E-8,1.4988027009900107+2.2245240726809435E-9i,0.10748325120831714+1.2707233878634243E-14i,0.1074839475302068-1.2707316201461356E-14i,7946308.462346938,7946359.941888628,89774.5579805833+7.690261649054822E-9i,89822.9722199089-9.632672009830941E-9i
2.006711409395973E-8,2.404163420507522-9.694890127900934E-16i,0.10748325120831714+1.2707233878634243E-14i,0.1074839475302068-1.2707316201461356E-14i,7946308.462346938,7946359.941888628,89774.5579805833+7.690261649054822E-9i,89822.9722199089-9.632672009830941E-9i
3.0134228187919464E-8,1.4988027009900133+2.224521647789028E-9i,0.09809184533348032+2.885803706433004E-14i,0.09809286749597754-2.8858337778452913E-14i,7946436.704266895,7946519.509820679,81807.89136929491+2.1342853949452473E-8i,81970.7869464685-2.3149278803280844E-8i
3.0134228187919464E-8,2.404163420507523,0.09809184533348032+2.885803706433004E-14i,0.09809286749597754-2.8858337778452913E-14i,7946436.704266895,7946519.509820679,81807.89136929491+2.1342853949452473E-8i,81970.7869464685-2.3149278803280844E-8i
4.02013422818792E-8,1.498802700990013+2.2245244768295906E-9i,0.08958329318327482+1.0358775292742736E-14i,0.0895860732634836-1.035909676145811E-14i,7946248.526030191,7946495.125674679,74780.2426920213+5.815422957162169E-9i,74879.05146430623-7.883289352604797E-9i
4.02013422818792E-8,2.4041634205075257,0.08958329318327482+1.0358775292742736E-14i,0.0895860732634836-1.035909676145811E-14i,7946248.526030191,7946495.125674679,74780.2426920213+5.815422957162169E-9i,74879.05146430623-7.883289352604797E-9i
5.026845637583893E-8,1.4988027009900138+2.2245232643836335E-9i,0.08181809300175955-1.5718319744920168E-14i,0.08181645980121716+1.5718005985855504E-14i,7946335.1143966615,7946176.4947276935,68400.6214661026-1.5912523228139144E-8i,68083.53076079849+1.4620623308196157E-8i
5.026845637583893E-8,2.4041634205075257-9.694890127900865E-16i,0.08181809300175955-1.5718319744920168E-14i,0.08181645980121716+1.5718005985855504E-14i,7946335.1143966615,7946176.4947276935,68400.6214661026-1.5912523228139144E-8i,68083.53076079849+1.4620623308196157E-8i
6.033557046979867E-8,1.498802700990007+2.2245236685323E-9i,0.0747774302478992+1.932168364043915E-15i,0.07477717067467998-1.9321616569511377E-15i,7946213.374127505,7946185.790614847,62428.56665489551-1.0151975245715364E-9i,62649.06592193552-7.885567800143659E-10i
6.033557046979867E-8,2.4041634205075213-4.847445063950474E-16i,0.0747774302478992+1.932168364043915E-15i,0.07477717067467998-1.9321616569511377E-15i,7946213.374127505,7946185.790614847,62428.56665489551-1.0151975245715364E-9i,62649.06592193552-7.885567800143659E-10i
7.040268456375839E-8,1.4988027009900042+2.224522860235003E-9i,0.0683362021938872-9.485234254886412E-15i,0.06833581237784729+9.485180147453805E-15i,7946458.128575102,7946412.798914548,56906.369296605466-1.0650057341741725E-8i,56971.858932779855+9.037400197771218E-9i
7.040268456375839E-8,2.4041634205075213-7.2711675959257135E-16i,0.0683362021938872-9.485234254886412E-15i,0.06833581237784729+9.485180147453805E-15i,7946458.128575102,7946412.798914548,56906.369296605466-1.0650057341741725E-8i,56971.858932779855+9.037400197771218E-9i
8.046979865771812E-8,1.4988027009900131+2.224522456086332E-9i,0.062485959467202805+1.886752127763675E-14i,0.06248405599961206-1.8866946529076018E-14i,7946582.7711918615,7946340.699806572,52058.07700641806+1.312266747488612E-8i,52156.48271385308-1.44655954928181E-8i
8.046979865771812E-8,2.404163420507522+7.271167595925697E-16i,0.062485959467202805+1.886752127763675E-14i,0.06248405599961206-1.8866946529076018E-14i,7946582.7711918615,7946340.699806572,52058.07700641806+1.312266747488612E-8i,52156.48271385308-1.44655954928181E-8i
9.053691275167785E-8,1.4988027009900111+2.2245228602349875E-9i,0.0571093646219445-6.288306165885222E-15i,0.05710835099160928+6.28819455515502E-15i,7946545.333014593,7946404.290306969,47394.009947658626-7.956513316305705E-9i,47294.15907292489+5.949495192569704E-9i
9.053691275167785E-8,2.4041634205075257+9.694890127900857E-16i,0.0571093646219445-6.288306165885222E-15i,0.05710835099160928+6.28819455515502E-15i,7946545.333014593,7946404.290306969,47394.009947658626-7.956513316305705E-9i,47294.15907292489+5.949495192569704E-9i
1.0060402684563759E-7,1.4988027009900096+2.2245220519376883E-9i,0.05226069177687235+1.4043792053291839E-14i,0.052260704519683274-1.4043795477612886E-14i,7946458.530851362,7946460.4684493905,43287.278907040585+9.046825350070255E-9i,43601.74307191037-1.1104010972799052E-8i
1.0060402684563759E-7,2.4041634205075226,0.05226069177687235+1.4043792053291839E-14i,0.052260704519683274-1.4043795477612886E-14i,7946458.530851362,7946460.4684493905,43287.278907040585+9.046825350070255E-9i,43601.74307191037-1.1104010972799052E-8i
1.1067114093959732E-7,1.4988027009900144+2.224522456086329E-9i,0.04779814777970581+9.145635425243941E-15i,0.047797567659735286-9.145524425843339E-15i,7946472.86245721,7946376.417138245,39527.49941485976+4.911891473882611E-9i,39565.05262852673-7.163293140802854E-9i
1.1067114093959732E-7,2.404163420507522,0.04779814777970581+9.145635425243941E-15i,0.047797567659735286-9.145524425843339E-15i,7946472.86245721,7946376.417138245,39527.49941485976+4.911891473882611E-9i,39565.05262852673-7.163293140802854E-9i
1.2073825503355707E-7,1.4988027009900242+2.224522456086307E-9i,0.043724070817631175+1.0907572313063467E-14i,0.04372310592609136-1.0907331607565373E-14i,7946575.013480889,7946399.650508882,35939.25423161077+6.3890736283053195E-9i,36161.41957036413-7.988920102201E-9i
1.2073825503355707E-7,2.404163420507521-7.271167595925719E-16i,0.043724070817631175+1.0907572313063467E-14i,0.04372310592609136-1.0907331607565373E-14i,7946575.013480889,7946399.650508882,35939.25423161077+6.3890736283053195E-9i,36161.41957036413-7.988920102201E-9i
1.308053691275168E-7,1.4988027009900193+2.2245224560863176E-9i,0.04000077948757683+2.6341022365008E-15i,0.040001013380945895-2.6341176386768187E-15i,7946391.34520239,7946437.809502898,32828.77570857358-4.118043838052087E-10i,32885.3099580819-1.171174629714311E-9i
1.308053691275168E-7,2.404163420507528,0.04000077948757683+2.6341022365008E-15i,0.040001013380945895-2.6341176386768187E-15i,7946391.34520239,7946437.809502898,32828.77570857358-4.118043838052087E-10i,32885.3099580819-1.171174629714311E-9i
1.4087248322147653E-7,1.4988027009900182+2.2245228602349722E-9i,0.036606647656103906+1.7190238092595835E-14i,0.03660592117081254-1.7189896939938352E-14i,7946499.3142949585,7946341.610291882,29920.198060298582+1.1257720469238673E-8i,30048.109356993828-1.3510366062893552E-8i
1.4087248322147653E-7,2.404163420507525+4.847445063950438E-16i,0.036606647656103906+1.7190238092595835E-14i,0.03660592117081254-1.7189896939938352E-14i,7946499.3142949585,7946341.610291882,29920.198060298582+1.1257720469238673E-8i,30048.109356993828-1.3510366062893552E-8i
1.5093959731543625E-7,1.4988027009900171+2.2245196270457616E-9i,0.03350856625316806+2.519548635441874E-15i,0.033508630753979377-2.519553485333986E-15i,7946467.1841778355,7946482.480373242,27250.187324789-6.303118449046116E-10i,27308.72076368927-2.122168992499584E-9i
1.5093959731543625E-7,2.404163420507521-4.847445063950478E-16i,0.03350856625316806+2.519548635441874E-15i,0.033508630753979377-2.519553485333986E-15i,7946467.1841778355,7946482.480373242,27250.187324789-6.303118449046116E-10i,27308.72076368927-2.122168992499584E-9i
1.61006711409396E-7,1.4988027009900147+2.2245236685322827E-9i,0.030665730490500077-2.2253475160035062E-15i,0.030666345485891963+2.225392144924643E-15i,7946249.469082457,7946408.829603933,24843.607838549102-4.3741983310212395E-9i,24934.582668205327+1.6053101753854506E-9i
1.61006711409396E-7,2.404163420507524,0.030665730490500077-2.2253475160035062E-15i,0.030666345485891963+2.225392144924643E-15i,7946249.469082457,7946408.829603933,24843.607838549102-4.3741983310212395E-9i,24934.582668205327+1.6053101753854506E-9i
1.7107382550335572E-7,1.4988027009899987+2.2245228602350157E-9i,0.02807259030020632+1.0944267186658098E-14i,0.028073068084030588-1.0944453453538865E-14i,7946352.296556454,7946487.540171143,22689.87327610057+6.35039931414742E-9i,22630.913394224986-7.891835258923292E-9i
1.7107382550335572E-7,2.404163420507527,0.02807259030020632+1.0944267186658098E-14i,0.028073068084030588-1.0944453453538865E-14i,7946352.296556454,7946487.540171143,22689.87327610057+6.35039931414742E-9i,22630.913394224986-7.891835258923292E-9i
1.8114093959731544E-7,1.4988027009900209+2.22452124364036E-9i,0.025700549124299865+4.373081800780204E-15i,0.02570026880631895-4.373034103221104E-15i,7946475.184491162,7946388.51163951,20624.75820652373+1.0167330939708338E-9i,20685.314855282817-2.655515326810134E-9i
1.8114093959731544E-7,2.4041634205075213+7.2711675959257135E-16i,0.025700549124299865+4.373081800780204E-15i,0.02570026880631895-4.373034103221104E-15i,7946475.184491162,7946388.51163951,20624.75820652373+1.0167330939708338E-9i,20685.314855282817-2.655515326810134E-9i
1.912080536912752E-7,1.4988027009900116+2.2245252851268957E-9i,0.02354010981862695+7.86036051273555E-15i,0.023539861347579568-7.860277544897914E-15i,7946458.574500596,7946374.697878833,18819.03593097371+4.026215041479729E-9i,18925.856391802656-5.071312325752486E-9i
1.912080536912752E-7,2.4041634205075204,0.02354010981862695+7.86036051273555E-15i,0.023539861347579568-7.860277544897914E-15i,7946458.574500596,7946374.697878833,18819.03593097371+4.026215041479729E-9i,18925.856391802656-5.071312325752486E-9i
2.012751677852349E-7,1.4988027009900098+2.224523668532294E-9i,0.021546811853182857-7.772622563873243E-15i,0.021546751116674766+7.772600654276759E-15i,7946469.612179082,7946447.212539547,17214.627482906788-8.611617456722557E-9i,17117.82511666862+6.418425171271531E-9i
2.012751677852349E-7,2.4041634205075244-7.271167595925665E-16i,0.021546811853182857-7.772622563873243E-15i,0.021546751116674766+7.772600654276759E-15i,7946469.612179082,7946447.212539547,17214.627482906788-8.611617456722557E-9i,17117.82511666862+6.418425171271531E-9i
2.1134228187919466E-7,1.4988027009900096+2.2245240726809464E-9i,0.01973747296804946+1.4652835003800304E-15i,0.01973739121931707-1.4652774314638658E-15i,7946416.731923196,7946383.819427328,15756.828446260824-1.4312700544873419E-9i,15659.434684152358-2.4347470514280843E-9i
2.1134228187919466E-7,2.4041634205075213,0.01973747296804946+1.4652835003800304E-15i,0.01973739121931707-1.4652774314638658E-15i,7946416.731923196,7946383.819427328,15756.828446260824-1.4312700544873419E-9i,15659.434684152358-2.4347470514280843E-9i
2.2140939597315438E-7,1.498802700990007+2.2245228602349966E-9i,0.0180637937751013+9.553413285136862E-17i,0.01806415201493018-9.553602747726122E-17i,7946472.594947499,7946630.188807136,14273.258070914404-2.331125055068374E-9i,14303.546669410918-6.035600276045719E-11i
2.2140939597315438E-7,2.404163420507521-1.2118612659876194E-15i,0.0180637937751013+9.553413285136862E-17i,0.01806415201493018-9.553602747726122E-17i,7946472.594947499,7946630.188807136,14273.258070914404-2.331125055068374E-9i,14303.546669410918-6.035600276045719E-11i
2.3147651006711412E-7,1.4988027009900033+2.224522860235005E-9i,0.016542463391065902+5.818097550116004E-16i,0.016542766086601463-5.818204010206755E-16i,7946324.19401455,7946469.596594452,13020.841500905415-1.678384709030686E-9i,13018.66708042131+5.475388284345111E-10i
2.3147651006711412E-7,2.404163420507527+4.847445063950421E-16i,0.016542463391065902+5.818097550116004E-16i,0.016542766086601463-5.818204010206755E-16i,7946324.19401455,7946469.596594452,13020.841500905415-1.678384709030686E-9i,13018.66708042131+5.475388284345111E-10i
2.4154362416107384E-7,1.4988027009900071+2.224524072680951E-9i,0.01514116885992971+1.0772444142816705E-15i,0.015140974972976288-1.0772306198619985E-15i,7946521.281358164,7946419.523903559,11805.342373591937-1.4910420855847232E-9i,11862.821883919996-3.417968240666746E-10i
2.4154362416107384E-7,2.4041634205075235-7.271167595925679E-16i,0.01514116885992971+1.0772444142816705E-15i,0.015140974972976288-1.0772306198619985E-15i,7946521.281358164,7946419.523903559,11805.342373591937-1.4910420855847232E-9i,11862.821883919996-3.417968240666746E-10i
2.5161073825503357E-7,1.4988027009900133+2.2245188187484664E-9i,0.013874482717168696+1.0841307222477692E-15i,0.013874960817844947-1.0841680802986615E-15i,7946346.177226203,7946620.00029817,10785.217740897404-1.4560905983577554E-9i,10821.75963507807-1.083705388472777E-9i
2.5161073825503357E-7,2.404163420507522,0.013874482717168696+1.0841307222477692E-15i,0.013874960817844947-1.0841680802986615E-15i,7946346.177226203,7946620.00029817,10785.217740897404-1.4560905983577554E-9i,10821.75963507807-1.083705388472777E-9i
2.616778523489933E-7,1.4988027009900058+2.224522860235E-9i,0.012709301271923401-4.394428942588323E-15i,0.01270947270345173+4.394488217575487E-15i,7946350.284448469,7946457.470118502,9803.970255526347-5.702360898658042E-9i,9879.039632065136+2.2194232213448944E-9i
2.616778523489933E-7,2.404163420507523+9.694890127900916E-16i,0.012709301271923401-4.394428942588323E-15i,0.01270947270345173+4.394488217575487E-15i,7946350.284448469,7946457.470118502,9803.970255526347-5.702360898658042E-9i,9879.039632065136+2.2194232213448944E-9i
2.7174496644295306E-7,1.4988027009900131+2.2245244768295894E-9i,0.01164196020389817-1.8918642590614155E-16i,0.011641876812667014+1.8918507076588176E-16i,7946413.82439798,7946356.904324229,8934.057422692702-2.3674403732972193E-9i,8951.454617071331-1.4174436800358033E-9i
2.7174496644295306E-7,2.404163420507527-4.847445063950425E-16i,0.01164196020389817-1.8918642590614155E-16i,0.011641876812667014+1.8918507076588176E-16i,7946413.82439798,7946356.904324229,8934.057422692702-2.3674403732972193E-9i,8951.454617071331-1.4174436800358033E-9i
2.818120805369128E-7,1.4988027009900045+2.2245216477890473E-9i,0.01066861786834541-1.0481096082399096E-15i,0.010668280042853747+1.048076419484994E-15i,7946709.382674793,7946457.74736097,8165.286110968675-2.982823336110418E-9i,8183.410213132284+3.883613488185029E-10i
2.818120805369128E-7,2.4041634205075217,0.01066861786834541-1.0481096082399096E-15i,0.010668280042853747+1.048076419484994E-15i,7946709.382674793,7946457.74736097,8165.286110968675-2.982823336110418E-9i,8183.410213132284+3.883613488185029E-10i
2.918791946308725E-7,1.498802700990009+2.224520435343083E-9i,0.009772335684266192-3.0446293416924483E-15i,0.009772472338640432+3.0446719171760305E-15i,7946485.149813405,7946596.271861322,7461.843664193108-4.2636131764526546E-9i,7402.25195110389+2.6983698550803175E-9i
2.918791946308725E-7,2.404163420507528-4.847445063950411E-16i,0.009772335684266192-3.0446293416924483E-15i,0.009772472338640432+3.0446719171760305E-15i,7946485.149813405,7946596.271861322,7461.843664193108-4.2636131764526546E-9i,7402.25195110389+2.6983698550803175E-9i
3.019463087248322E-7,1.4988027009900131+2.2245236685322864E-9i,0.008951314127792463-1.1222880702727624E-15i,0.008951573549238366+1.1223205957310084E-15i,7946221.163305615,7946451.455769153,6800.245693384607-2.3213623046062787E-9i,6702.441313536937+1.727110779778874E-9i
3.019463087248322E-7,2.404163420507523,0.008951314127792463-1.1222880702727624E-15i,0.008951573549238366+1.1223205957310084E-15i,7946221.163305615,7946451.455769153,6800.245693384607-2.3213623046062787E-9i,6702.441313536937+1.727110779778874E-9i
3.12013422818792E-7,1.4988027009900147+2.224526497572844E-9i,0.008206913825321344+2.3942045110097267E-15i,0.008207272386828736-2.3943091142255932E-15i,7946252.0008272,7946599.173973535,6239.1236392817145-1.179983203534597E-10i,6109.961891077395-3.1186146778351025E-9i
3.12013422818792E-7,2.4041634205075213,0.008206913825321344+2.3942045110097267E-15i,0.008207272386828736-2.3943091142255932E-15i,7946252.0008272,7946599.173973535,6239.1236392817145-1.179983203534597E-10i,6109.961891077395-3.1186146778351025E-9i
3.220805369127517E-7,1.498802700990019+2.224522456086318E-9i,0.007519969315740343-9.33902743990511E-16i,0.007520368296361334+9.339522932747033E-16i,7946177.010296138,7946598.603856402,5689.971733627156-2.2805772018547738E-9i,5586.92329116132+1.910821866425273E-9i
3.220805369127517E-7,2.4041634205075315+7.2711675959255715E-16i,0.007519969315740343-9.33902743990511E-16i,0.007520368296361334+9.339522932747033E-16i,7946177.010296138,7946598.603856402,5689.971733627156-2.2805772018547738E-9i,5586.92329116132+1.910821866425273E-9i
3.3214765100671143E-7,1.4988027009900067+2.224522456086346E-9i,0.006887776638099942-1.069841830980025E-15i,0.006887674260057758+1.06982592914147E-15i,7946508.160146801,7946390.04540659,5183.927823448219-2.7263058775032613E-9i,5086.538530169827-6.810634766221499E-10i
3.3214765100671143E-7,2.404163420507523+7.271167595925689E-16i,0.006887776638099942-1.069841830980025E-15i,0.006887674260057758+1.06982592914147E-15i,7946508.160146801,7946390.04540659,5183.927823448219-2.7263058775032613E-9i,5086.538530169827-6.810634766221499E-10i
3.4221476510067115E-7,1.4988027009900209+2.2245224560863148E-9i,0.006303222507289935-2.36815568562494E-16i,0.006303411552000318+2.368226710772032E-16i,7946290.8857564945,7946529.208972345,4695.123877654252-1.7254706042848973E-9i,4660.752153631984+4.4776914946725157E-10i
3.4221476510067115E-7,2.404163420507528-4.847445063950411E-16i,0.006303222507289935-2.36815568562494E-16i,0.006303411552000318+2.368226710772032E-16i,7946290.8857564945,7946529.208972345,4695.123877654252-1.7254706042848973E-9i,4660.752153631984+4.4776914946725157E-10i
3.522818791946309E-7,1.4988027009899936+2.2245236685323294E-9i,0.005783658252342468-1.2211253526966205E-15i,0.005783584977122984+1.2211098818260515E-15i,7946651.92951312,7946551.250558837,4306.420485822252-2.853115383484804E-9i,4226.821639148578-9.739289607642864E-10i
3.522818791946309E-7,2.404163420507517-1.454233519185153E-15i,0.005783658252342468-1.2211253526966205E-15i,0.005783584977122984+1.2211098818260515E-15i,7946651.92951312,7946551.250558837,4306.420485822252-2.853115383484804E-9i,4226.821639148578-9.739289607642864E-10i
3.6234899328859065E-7,1.4988027009900131+2.2245232643836347E-9i,0.005301872090596996+1.6808925218885117E-16i,0.005301899677629683-1.680901268013683E-16i,7946446.863189483,7946488.210639025,3893.576822754605-1.43188865803141E-9i,3861.006119367846+6.502928745687063E-10i
3.6234899328859065E-7,2.404163420507524-4.84744506395045E-16i,0.005301872090596996+1.6808925218885117E-16i,0.005301899677629683-1.680901268013683E-16i,7946446.863189483,7946488.210639025,3893.576822754605-1.43188865803141E-9i,3861.006119367846+6.502928745687063E-10i
3.7241610738255037E-7,1.4988027009900051+2.22452003119444E-9i,0.004860092235921537-2.5148636561276137E-15i,0.00486020296476673+2.5149209529719823E-15i,7946420.478969202,7946601.524496706,3559.1862919067157-3.4936450605254447E-9i,3517.8982914103603+1.3514760136084844E-9i
3.7241610738255037E-7,2.404163420507524+7.271167595925672E-16i,0.004860092235921537-2.5148636561276137E-15i,0.00486020296476673+2.5149209529719823E-15i,7946420.478969202,7946601.524496706,3559.1862919067157-3.4936450605254447E-9i,3517.8982914103603+1.3514760136084844E-9i
3.824832214765101E-7,1.49880270099002+2.2245212436403613E-9i,0.004453632209334483+5.801101938286061E-17i,0.004453590465207347-5.801047564254831E-17i,7946316.757648497,7946242.276406715,3201.318540246102-1.5725058157899478E-9i,3186.333311211141-1.184134448293789E-9i
3.824832214765101E-7,2.404163420507524-9.694890127900893E-16i,0.004453632209334483+5.801101938286061E-17i,0.004453590465207347-5.801047564254831E-17i,7946316.757648497,7946242.276406715,3201.318540246102-1.5725058157899478E-9i,3186.333311211141-1.184134448293789E-9i
3.925503355704698E-7,1.4988027009900096+2.2245220519376883E-9i,0.004090867809847069+4.875914483459743E-16i,0.004090714862570766-4.875732185259362E-16i,7946705.233936594,7946408.126579891,2925.6175061564527-1.529513606434465E-9i,2922.0923978071364-2.8955475234332434E-9i
3.925503355704698E-7,2.4041634205075204-4.847445063950484E-16i,0.004090867809847069+4.875914483459743E-16i,0.004090714862570766-4.875732185259362E-16i,7946705.233936594,7946408.126579891,2925.6175061564527-1.529513606434465E-9i,2922.0923978071364-2.8955475234332434E-9i
4.026174496644296E-7,1.4988027009900178+2.224525285126882E-9i,0.0037517788441419338-1.073740796141252E-15i,0.0037517929677582007+1.073744838251303E-15i,7946473.019991614,7946502.934584071,2630.02655176451-2.2141248763899526E-9i,2664.861989917044+3.138611052365984E-10i
4.026174496644296E-7,2.4041634205075266,0.0037517788441419338-1.073740796141252E-15i,0.0037517929677582007+1.073744838251303E-15i,7946473.019991614,7946502.934584071,2630.02655176451-2.2141248763899526E-9i,2664.861989917044+3.138611052365984E-10i
4.126845637583893E-7,1.4988027009900071+2.224524072680951E-9i,0.003440840618738638+2.222802814421116E-16i,0.003440799540545261-2.222776277672115E-16i,7946362.933366796,7946268.066364868,2407.4368408035116-1.2163448653379926E-9i,2431.799069191958-2.5373986329280537E-10i
4.126845637583893E-7,2.404163420507523,0.003440840618738638+2.222802814421116E-16i,0.003440799540545261-2.222776277672115E-16i,7946362.933366796,7946268.066364868,2407.4368408035116-1.2163448653379926E-9i,2431.799069191958-2.5373986329280537E-10i
4.22751677852349E-7,1.498802700990007+2.2245228602349966E-9i,0.0031584833933968244-5.431565461222206E-16i,0.0031584852888004184+5.431568720700701E-16i,7946408.593379846,7946413.3620137535,2201.861234077067-2.1495527311164807E-9i,2229.2432926121555-2.531517238002737E-9i
4.22751677852349E-7,2.404163420507522,0.0031584833933968244-5.431565461222206E-16i,0.0031584852888004184+5.431568720700701E-16i,7946408.593379846,7946413.3620137535,2201.861234077067-2.1495527311164807E-9i,2229.2432926121555-2.531517238002737E-9i
4.3281879194630874E-7,1.4988027009900133+2.224523668532286E-9i,0.00289893731719531+2.469954044340859E-16i,0.002898953852419113-2.469968132690636E-16i,7946468.392119609,7946513.717912706,2006.768654765629-1.2542665581554032E-9i,2028.348492289707-7.95294675995265E-10i
4.3281879194630874E-7,2.404163420507523,0.00289893731719531+2.469954044340859E-16i,0.002898953852419113-2.469968132690636E-16i,7946468.392119609,7946513.717912706,2006.768654765629-1.2542665581554032E-9i,2028.348492289707-7.95294675995265E-10i
4.4288590604026847E-7,1.4988027009900087+2.224525689275554E-9i,0.002655940960381359+4.857925926165857E-17i,0.0026560796356620304-4.858179574214269E-17i,7946166.75948602,7946581.654591649,1834.9641448748346-1.4450647252105657E-9i,1824.1240496859643-1.2445043062483457E-9i
4.4288590604026847E-7,2.4041634205075226-7.271167595925694E-16i,0.002655940960381359+4.857925926165857E-17i,0.0026560796356620304-4.858179574214269E-17i,7946166.75948602,7946581.654591649,1834.9641448748346-1.4450647252105657E-9i,1824.1240496859643-1.2445043062483457E-9i
4.5295302013422824E-7,1.4988027009900156+2.2245216477890225E-9i,0.0024323303075714764+1.782957803606678E-16i,0.0024323134001613496-1.7829454100601558E-16i,7946411.784108539,7946356.547678313,1688.6934857151145-1.2021034492780007E-9i,1665.0636381119457+4.314466301185049E-10i
4.5295302013422824E-7,2.4041634205075226,0.0024323303075714764+1.782957803606678E-16i,0.0024323134001613496-1.7829454100601558E-16i,7946411.784108539,7946356.547678313,1688.6934857151145-1.2021034492780007E-9i,1665.0636381119457+4.314466301185049E-10i
4.6302013422818796E-7,1.4988027009900167+2.2245232643836277E-9i,0.0022290203584195076-6.554715507346773E-16i,0.0022289719125743665+6.554573046228725E-16i,7946428.642056113,7946255.93324694,1556.1183759280573-1.8336252437662961E-9i,1521.8929827612671+3.728381795789709E-10i
4.6302013422818796E-7,2.404163420507527+4.847445063950425E-16i,0.0022290203584195076-6.554715507346773E-16i,0.0022289719125743665+6.554573046228725E-16i,7946428.642056113,7946255.93324694,1556.1183759280573-1.8336252437662961E-9i,1521.8929827612671+3.728381795789709E-10i
4.730872483221477E-7,1.4988027009900147+2.2245236685322827E-9i,0.002038423562929355-2.2221440927518613E-16i,0.0020384091459099275+2.2221283763447623E-16i,7946435.731550731,7946379.529336126,1415.1990607029811-1.7601091807467734E-9i,1371.1985865980548-1.8062187565519715E-9i
4.730872483221477E-7,2.4041634205075213,0.002038423562929355-2.2221440927518613E-16i,0.0020384091459099275+2.2221283763447623E-16i,7946435.731550731,7946379.529336126,1415.1990607029811-1.7601091807467734E-9i,1371.1985865980548-1.8062187565519715E-9i
4.831543624161074E-7,1.4988027009900058+2.224521647789045E-9i,0.0018637788386879387-1.3890132140555184E-16i,0.0018637452327569845+1.3889881686578577E-16i,7946483.821002332,7946340.537378046,1295.2158325794258-1.3964024178294265E-9i,1242.3963311036491+1.286782156777997E-9i
4.831543624161074E-7,2.4041634205075217,0.0018637788386879387-1.3890132140555184E-16i,0.0018637452327569845+1.3889881686578577E-16i,7946483.821002332,7946340.537378046,1295.2158325794258-1.3964024178294265E-9i,1242.3963311036491+1.286782156777997E-9i
4.932214765100671E-7,1.4988027009900156+2.224520435343068E-9i,0.0017061476219698178-1.656397804992209E-17i,0.0017061342483436907+1.6563848213296722E-17i,7946418.983626122,7946356.695676713,1183.7878293849071-1.2448259969514239E-9i,1119.3556250853835+1.6976696027715142E-9i
4.932214765100671E-7,2.404163420507524,0.0017061476219698178-1.656397804992209E-17i,0.0017061342483436907+1.6563848213296722E-17i,7946418.983626122,7946356.695676713,1183.7878293849071-1.2448259969514239E-9i,1119.3556250853835+1.6976696027715142E-9i
5.032885906040268E-7,1.4988027009900025+2.2245200311944455E-9i,0.001561101676405055+4.0542402608019976E-16i,0.0015610170445335724-4.0540204686219636E-16i,7946493.333283794,7946062.530721193,1072.7814920577362-1.2656672060472556E-9i,1013.8335162621651-1.3100361317137016E-9i
5.032885906040268E-7,2.4041634205075257+9.694890127900857E-16i,0.001561101676405055+4.0542402608019976E-16i,0.0015610170445335724-4.0540204686219636E-16i,7946493.333283794,7946062.530721193,1072.7814920577362-1.2656672060472556E-9i,1013.8335162621651-1.3100361317137016E-9i
5.133557046979866E-7,1.4988027009900156+2.224522051937674E-9i,0.001428011132407633-2.3124971831513117E-16i,0.0014279794074467708+2.3124458082838722E-16i,7946337.6348950155,7946161.097580317,972.4229082846896-1.6576673767223798E-9i,910.1006616265155-1.2632557931016929E-9i
5.133557046979866E-7,2.404163420507528-4.847445063950416E-16i,0.001428011132407633-2.3124971831513117E-16i,0.0014279794074467708+2.3124458082838722E-16i,7946337.6348950155,7946161.097580317,972.4229082846896-1.6576673767223798E-9i,910.1006616265155-1.2632557931016929E-9i
5.234228187919464E-7,1.498802700990007+2.2245228602349966E-9i,0.0013087363250106148+3.3330975940305326E-16i,0.001308725825849765-3.333070854704131E-16i,7946447.94282448,7946384.193516322,883.597098452153-1.0556627700822557E-9i,824.2230450809066+2.8712200744874374E-10i
5.234228187919464E-7,2.4041634205075257,0.0013087363250106148+3.3330975940305326E-16i,0.001308725825849765-3.333070854704131E-16i,7946447.94282448,7946384.193516322,883.597098452153-1.0556627700822557E-9i,824.2230450809066+2.8712200744874374E-10i
5.334899328859061E-7,1.4988027009900036+2.2245212436403977E-9i,0.0011994632247468954-2.0936828744024076E-16i,0.0011994835892680353+2.0937184210104874E-16i,7946302.79138425,7946437.703941521,800.8487365783076-1.8686059416204997E-9i,753.6649019788839-1.6958668246789928E-9i
5.334899328859061E-7,2.4041634205075253-4.847445063950436E-16i,0.0011994632247468954-2.0936828744024076E-16i,0.0011994835892680353+2.0937184210104874E-16i,7946302.79138425,7946437.703941521,800.8487365783076-1.8686059416204997E-9i,753.6649019788839-1.6958668246789928E-9i
5.435570469798658E-7,1.498802700990015+2.2245236685322823E-9i,0.001100406983613092-3.1290918342725367E-16i,0.0011003927202881889+3.129051275411908E-16i,7946251.46653362,7946148.468308207,723.3233935778035-1.4738563124287874E-9i,679.3394812137795+1.9933829973726015E-9i
5.435570469798658E-7,2.404163420507523+4.847445063950458E-16i,0.001100406983613092-3.1290918342725367E-16i,0.0011003927202881889+3.129051275411908E-16i,7946251.46653362,7946148.468308207,723.3233935778035-1.4738563124287874E-9i,679.3394812137795+1.9933829973726015E-9i
5.536241610738255E-7,1.4988027009900111+2.224520435343078E-9i,0.0010101115020126384-1.3149088327673033E-16i,0.0010101039988217608+1.3148990655169165E-16i,7946337.232988575,7946278.20694537,656.6692405350585-1.7743993491771652E-9i,604.2185923594456-2.2037860757479163E-9i
5.536241610738255E-7,2.404163420507524,0.0010101115020126384-1.3149088327673033E-16i,0.0010101039988217608+1.3148990655169165E-16i,7946337.232988575,7946278.20694537,656.6692405350585-1.7743993491771652E-9i,604.2185923594456-2.2037860757479163E-9i
5.636912751677853E-7,1.4988027009900249+2.224522051937654E-9i,9.287542927274113E-4-1.4673230498522264E-16i,9.287445670579314E-4+1.4673076844330676E-16i,7946337.439626194,7946254.2276806515,596.2642890516063-1.8354119966022708E-9i,558.6831120791301-2.6738097865085633E-9i
5.636912751677853E-7,2.404163420507522+7.271167595925697E-16i,9.287542927274113E-4-1.4673230498522264E-16i,9.287445670579314E-4+1.4673076844330676E-16i,7946337.439626194,7946254.2276806515,596.2642890516063-1.8354119966022708E-9i,558.6831120791301-2.6738097865085633E-9i
5.73758389261745E-7,1.4988027009900096+2.2245228602349913E-9i,8.522457922195849E-4-1.3816950331143734E-16i,8.522338515875026E-4+1.3816756744831066E-16i,7946501.457454577,7946390.120735531,542.6847948911003-1.8585626181071613E-9i,502.2289742620161-4.2671639500627636E-10i
5.73758389261745E-7,2.404163420507525-4.847445063950441E-16i,8.522457922195849E-4-1.3816950331143734E-16i,8.522338515875026E-4+1.3816756744831066E-16i,7946501.457454577,7946390.120735531,542.6847948911003-1.8585626181071613E-9i,502.2289742620161-4.2671639500627636E-10i
5.838255033557047E-7,1.4988027009900105+2.2245240726809443E-9i,7.851205668488374E-4-6.385686027041001E-16i,7.851131192322076E-4+6.385625452724831E-16i,7946446.395087326,7946371.015471876,491.20443540659926-1.8920695581239872E-9i,476.3140273815858+2.301520586920589E-9i
5.838255033557047E-7,2.4041634205075217,7.851205668488374E-4-6.385686027041001E-16i,7.851131192322076E-4+6.385625452724831E-16i,7946446.395087326,7946371.015471876,491.20443540659926-1.8920695581239872E-9i,476.3140273815858+2.301520586920589E-9i
5.938926174496644E-7,1.4988027009900082+2.2245232643836454E-9i,7.22174096864157E-4-2.4972866753653665E-16i,7.222013127664714E-4+2.497380788281494E-16i,7946190.068570516,7946489.529231804,453.9100859296249-1.9804534133078347E-9i,428.6797316581075+5.204568049274789E-10i
5.938926174496644E-7,2.404163420507519,7.22174096864157E-4-2.4972866753653665E-16i,7.222013127664714E-4+2.497380788281494E-16i,7946190.068570516,7946489.529231804,453.9100859296249-1.9804534133078347E-9i,428.6797316581075+5.204568049274789E-10i
6.039597315436242E-7,1.4988027009900116+2.2245208394917286E-9i,6.635220732157971E-4-2.1270651383564083E-16i,6.63518167725875E-4+2.1270526184542122E-16i,7946230.338923939,7946183.567424013,408.856541681588-1.9205277396303045E-9i,400.2929428977893-1.2053967058232477E-9i
6.039597315436242E-7,2.404163420507528,6.635220732157971E-4-2.1270651383564083E-16i,6.63518167725875E-4+2.1270526184542122E-16i,7946230.338923939,7946183.567424013,408.856541681588-1.9205277396303045E-9i,400.2929428977893-1.2053967058232477E-9i
6.14026845637584E-7,1.4988027009900113+2.2245273058701546E-9i,6.09095410756992E-4-1.9569408541493414E-16i,6.090730474411055E-4+1.9568690038518024E-16i,7946559.494265705,7946267.731403695,378.3300766950761-1.9900612417387405E-9i,374.3730892275224-1.2704724236031844E-10i
6.14026845637584E-7,2.404163420507528+4.847445063950411E-16i,6.09095410756992E-4-1.9569408541493414E-16i,6.090730474411055E-4+1.9568690038518024E-16i,7946559.494265705,7946267.731403695,378.3300766950761-1.9900612417387405E-9i,374.3730892275224-1.2704724236031844E-10i
6.240939597315437E-7,1.4988027009900016+2.224521647789054E-9i,5.578379952786723E-4-8.835455662439404E-18i,5.578279949735624E-4+8.83529727012269E-18i,7946555.804591192,7946413.347491901,347.20350833035326-2.107005165091175E-9i,347.06621742092983-1.711972948710054E-9i
6.240939597315437E-7,2.404163420507521,5.578379952786723E-4-8.835455662439404E-18i,5.578279949735624E-4+8.83529727012269E-18i,7946555.804591192,7946413.347491901,347.20350833035326-2.107005165091175E-9i,347.06621742092983-1.711972948710054E-9i
6.341610738255034E-7,1.4988027009900116+2.2245220519376833E-9i,5.109841164867208E-4-4.926384121337323E-16i,5.109832665926344E-4+4.926375927531298E-16i,7946307.644677896,7946294.427985414,316.6567090968246-2.0922250300317616E-9i,320.66720032634703+1.1924578891450513E-9i
6.341610738255034E-7,2.4041634205075226,5.109841164867208E-4-4.926384121337323E-16i,5.109832665926344E-4+4.926375927531298E-16i,7946307.644677896,7946294.427985414,316.6567090968246-2.0922250300317616E-9i,320.66720032634703+1.1924578891450513E-9i
6.442281879194631E-7,1.498802700990009+2.2245228602349925E-9i,4.6619398515038434E-4-4.0224255460896504E-16i,4.662031396565398E-4+4.0225045332078773E-16i,7946514.01885966,7946670.062081523,285.6239107963286-2.1825511653909857E-9i,292.86631031620453+1.532820924842979E-9i
6.442281879194631E-7,2.404163420507517,4.6619398515038434E-4-4.0224255460896504E-16i,4.662031396565398E-4+4.0225045332078773E-16i,7946514.01885966,7946670.062081523,285.6239107963286-2.1825511653909857E-9i,292.86631031620453+1.532820924842979E-9i
6.542953020134229E-7,1.498802700990015+2.2245228602349784E-9i,4.269056616844921E-4-2.350825615934578E-16i,4.2690734551166786E-4+2.350834888203402E-16i,7946598.03058212,7946629.3740353715,262.1342935490919-2.2800202067401507E-9i,274.45096361215474-1.0211571115718187E-9i
6.542953020134229E-7,2.404163420507528-7.271167595925622E-16i,4.269056616844921E-4-2.350825615934578E-16i,4.2690734551166786E-4+2.350834888203402E-16i,7946598.03058212,7946629.3740353715,262.1342935490919-2.2800202067401507E-9i,274.45096361215474-1.0211571115718187E-9i
6.643624161073826E-7,1.4988027009900051+2.224522860235001E-9i,3.897484419162639E-4-3.949159981271984E-16i,3.897439667707654E-4+3.9491146364710505E-16i,7946353.9649364855,7946262.723801437,237.37534106136223-2.380197150867392E-9i,250.72514500094445+2.1195475240820764E-10i
6.643624161073826E-7,2.404163420507523,3.897484419162639E-4-3.949159981271984E-16i,3.897439667707654E-4+3.9491146364710505E-16i,7946353.9649364855,7946262.723801437,237.37534106136223-2.380197150867392E-9i,250.72514500094445+2.1195475240820764E-10i
6.744295302013423E-7,1.4988027009900113+2.224525689275548E-9i,3.5435053535534477E-4+6.2697765265894376E-18i,3.5435564746678417E-4-6.269866978819945E-18i,7946400.40735315,7946515.047745438,213.63658476759858-2.40676183717349E-9i,225.21609513983054-3.3423897322422334E-9i
6.744295302013423E-7,2.404163420507522-4.847445063950467E-16i,3.5435053535534477E-4+6.2697765265894376E-18i,3.5435564746678417E-4-6.269866978819945E-18i,7946400.40735315,7946515.047745438,213.63658476759858-2.40676183717349E-9i,225.21609513983054-3.3423897322422334E-9i
6.84496644295302E-7,1.4988027009900187+2.2245232643836223E-9i,3.2241462257220416E-4-5.577509094124348E-16i,3.2241978499715544E-4+5.577598399850879E-16i,7946439.900324574,7946567.136798032,191.28079817924672-2.4279478227964854E-9i,203.13293481703997+1.1445537556297597E-9i
6.84496644295302E-7,2.4041634205075257,3.2241462257220416E-4-5.577509094124348E-16i,3.2241978499715544E-4+5.577598399850879E-16i,7946439.900324574,7946567.136798032,191.28079817924672-2.4279478227964854E-9i,203.13293481703997+1.1445537556297597E-9i
6.945637583892617E-7,1.4988027009900153+2.224525285126888E-9i,2.937657553835268E-4-5.372676263766978E-16i,2.937738291145547E-4+5.372823924078839E-16i,7946374.017952271,7946592.412660474,173.10371205632896-2.399016185458221E-9i,192.3395166182152+6.568162141953798E-10i
6.945637583892617E-7,2.404163420507527-4.847445063950425E-16i,2.937657553835268E-4-5.372676263766978E-16i,2.937738291145547E-4+5.372823924078839E-16i,7946374.017952271,7946592.412660474,173.10371205632896-2.399016185458221E-9i,192.3395166182152+6.568162141953798E-10i
7.046308724832216E-7,1.4988027009900058+2.22452043534309E-9i,2.6703035903195274E-4-2.0075764415104432E-16i,2.670302444022677E-4+2.0075755797063548E-16i,7946392.730142742,7946389.318948097,155.79887084848468-2.5439160964619608E-9i,173.06122552696215-1.7232740711211704E-9i
7.046308724832216E-7,2.404163420507527-7.27116759592563E-16i,2.6703035903195274E-4-2.0075764415104432E-16i,2.670302444022677E-4+2.0075755797063548E-16i,7946392.730142742,7946389.318948097,155.79887084848468-2.5439160964619608E-9i,173.06122552696215-1.7232740711211704E-9i
7.146979865771813E-7,1.4988027009900171+2.224518414599807E-9i,2.4213526862750686E-4-5.012939695543932E-16i,2.4214341183018392E-4+5.013108284713862E-16i,7946453.385716697,7946720.631297312,138.18783568300634-2.576364471437459E-9i,154.87211214954115-1.4129290329748638E-11i
7.146979865771813E-7,2.404163420507527+7.271167595925637E-16i,2.4213526862750686E-4-5.012939695543932E-16i,2.4214341183018392E-4+5.013108284713862E-16i,7946453.385716697,7946720.631297312,138.18783568300634-2.576364471437459E-9i,154.87211214954115-1.4129290329748638E-11i
7.24765100671141E-7,1.4988027009900156+2.224522860234977E-9i,2.1971820216618935E-4-1.0106370883214952E-15i,2.197153617751282E-4+1.0106240233841193E-15i,7946451.649808945,7946348.922633708,122.56524210466422-2.6777807093850337E-9i,137.9847347052082+2.157560835138796E-9i
7.24765100671141E-7,2.404163420507523,2.1971820216618935E-4-1.0106370883214952E-15i,2.197153617751282E-4+1.0106240233841193E-15i,7946451.649808945,7946348.922633708,122.56524210466422-2.6777807093850337E-9i,137.9847347052082+2.157560835138796E-9i
7.348322147651007E-7,1.4988027009900096+2.224524880978249E-9i,1.9963628908302046E-4-4.892158254036488E-16i,1.9963763006198236E-4+4.892191115202797E-16i,7946488.8566062255,7946542.234047759,107.12521188474871-2.6627901965920735E-9i,128.77697547760047+1.509307027510245E-11i
7.348322147651007E-7,2.404163420507527,1.9963628908302046E-4-4.892158254036488E-16i,1.9963763006198236E-4+4.892191115202797E-16i,7946488.8566062255,7946542.234047759,107.12521188474871-2.6627901965920735E-9i,128.77697547760047+1.509307027510245E-11i
7.448993288590604E-7,1.4988027009900171+2.2245232643836256E-9i,1.8110248084988925E-4-6.20527647281932E-16i,1.8110406099392968E-4+6.205330614709547E-16i,7946330.70438052,7946400.037208168,100.14447548454922-2.751046875191423E-9i,110.76199173151457+3.135111622687243E-10i
7.448993288590604E-7,2.404163420507518+7.271167595925743E-16i,1.8110248084988925E-4-6.20527647281932E-16i,1.8110406099392968E-4+6.205330614709547E-16i,7946330.70438052,7946400.037208168,100.14447548454922-2.751046875191423E-9i,110.76199173151457+3.135111622687243E-10i
7.549664429530202E-7,1.4988027009900082+2.2245220519376908E-9i,1.6460856621742118E-4-4.330161295553368E-16i,1.646105767942008E-4+4.330214185399581E-16i,7946462.9861680055,7946560.046572011,86.51345962835924-2.7657990044129575E-9i,99.3376027916475-1.0055065893505227E-9i
7.549664429530202E-7,2.4041634205075217,1.6460856621742118E-4-4.330161295553368E-16i,1.646105767942008E-4+4.330214185399581E-16i,7946462.9861680055,7946560.046572011,86.51345962835924-2.7657990044129575E-9i,99.3376027916475-1.0055065893505227E-9i
7.650335570469799E-7,1.4988027009900062+2.2245220519376953E-9i,1.496924452045441E-4-8.530831663211683E-16i,1.496941229303654E-4+8.530927275228303E-16i,7946438.361248473,7946527.423490655,77.07156807696981-2.8270992876997367E-9i,91.26062147397666+8.617519800807601E-10i
7.650335570469799E-7,2.4041634205075257-7.271167595925649E-16i,1.496924452045441E-4-8.530831663211683E-16i,1.496941229303654E-4+8.530927275228303E-16i,7946438.361248473,7946527.423490655,77.07156807696981-2.8270992876997367E-9i,91.26062147397666+8.617519800807601E-10i
7.751006711409396E-7,1.4988027009900042+2.2245232643836545E-9i,1.3736986010870814E-4-6.544393753078676E-16i,1.3736946921442134E-4+6.544375130608459E-16i,7946385.1161700655,7946362.504248115,68.88676774656237-2.9120975882234354E-9i,83.79765242450004-7.158339571823206E-10i
7.751006711409396E-7,2.404163420507524+4.847445063950446E-16i,1.3736986010870814E-4-6.544393753078676E-16i,1.3736946921442134E-4+6.544375130608459E-16i,7946385.1161700655,7946362.504248115,68.88676774656237-2.9120975882234354E-9i,83.79765242450004-7.158339571823206E-10i
7.851677852348993E-7,1.4988027009900096+2.2245240726809464E-9i,1.2439083369972175E-4-7.834607406277874E-16i,1.243914328903808E-4+7.834645145582576E-16i,7946422.357889556,7946460.635806795,58.437721157633455-2.8855624973524443E-9i,70.41014159306239+6.066113422636193E-10i
7.851677852348993E-7,2.404163420507527,1.2439083369972175E-4-7.834607406277874E-16i,1.243914328903808E-4+7.834645145582576E-16i,7946422.357889556,7946460.635806795,58.437721157633455-2.8855624973524443E-9i,70.41014159306239+6.066113422636193E-10i
7.952348993288592E-7,1.4988027009900033+2.224524880978263E-9i,1.1440666768998584E-4-1.0666771833441963E-15i,1.1440454057535017E-4+1.0666573510678608E-15i,7946513.535284566,7946365.789129585,53.65187986674451-2.9434825353818846E-9i,64.31004643264649+1.6331834183132723E-9i
7.952348993288592E-7,2.4041634205075213,1.1440666768998584E-4-1.0666771833441963E-15i,1.1440454057535017E-4+1.0666573510678608E-15i,7946513.535284566,7946365.789129585,53.65187986674451-2.9434825353818846E-9i,64.31004643264649+1.6331834183132723E-9i
8.053020134228189E-7,1.4988027009900098+2.224524476829597E-9i,1.0441548593147446E-4-6.265081239327115E-16i,1.0440896427722745E-4+6.264689930573363E-16i,7946824.626441688,7946328.278202466,51.78036073605574-3.0205709086444153E-9i,51.914661677815644-1.9763412296787624E-10i
8.053020134228189E-7,2.404163420507525,1.0441548593147446E-4-6.265081239327115E-16i,1.0440896427722745E-4+6.264689930573363E-16i,7946824.626441688,7946328.278202466,51.78036073605574-3.0205709086444153E-9i,51.914661677815644-1.9763412296787624E-10i
8.153691275167786E-7,1.4988027009900033+2.2245216477890506E-9i,9.657345380346907E-5-8.428024272683139E-16i,9.657013172477838E-5+8.427734352847634E-16i,7946415.834711809,7946142.4819664685,43.092765208396024-3.0647836936150654E-9i,51.724177104485584+5.537148726415317E-10i
8.153691275167786E-7,2.404163420507525,9.657345380346907E-5-8.428024272683139E-16i,9.657013172477838E-5+8.427734352847634E-16i,7946415.834711809,7946142.4819664685,43.092765208396024-3.0647836936150654E-9i,51.724177104485584+5.537148726415317E-10i
8.254362416107383E-7,1.4988027009900144+2.2245232643836322E-9i,8.890378373224474E-5-1.2132087146127623E-15i,8.890063790763812E-5+1.213165785710671E-15i,7946704.404370498,7946423.213433288,42.44978443251905-3.123807227973904E-9i,40.12118658702313+2.1168230471727524E-9i
8.254362416107383E-7,2.4041634205075266,8.890378373224474E-5-1.2132087146127623E-15i,8.890063790763812E-5+1.213165785710671E-15i,7946704.404370498,7946423.213433288,42.44978443251905-3.123807227973904E-9i,40.12118658702313+2.1168230471727524E-9i
8.35503355704698E-7,1.4988027009900153+2.2245232643836297E-9i,8.289079542446223E-5-6.470349649572073E-16i,8.288913752589231E-5+6.470220236126636E-16i,7946331.644123394,7946172.709566012,38.11366897548515-3.131253320824579E-9i,38.80148469364545-7.657953700736463E-10i
8.35503355704698E-7,2.4041634205075297,8.289079542446223E-5-6.470349649572073E-16i,8.288913752589231E-5+6.470220236126636E-16i,7946331.644123394,7946172.709566012,38.11366897548515-3.131253320824579E-9i,38.80148469364545-7.657953700736463E-10i
8.455704697986578E-7,1.4988027009900087+2.224525689275554E-9i,7.67637228419792E-5-6.443968353036285E-16i,7.6763432182375E-5+6.443943953473296E-16i,7946389.887089167,7946359.798728904,36.633240659164734-3.177813340133173E-9i,29.7743089835056-3.6762656133273637E-10i
8.455704697986578E-7,2.404163420507521-4.84744506395048E-16i,7.67637228419792E-5-6.443968353036285E-16i,7.6763432182375E-5+6.443943953473296E-16i,7946389.887089167,7946359.798728904,36.633240659164734-3.177813340133173E-9i,29.7743089835056-3.6762656133273637E-10i
8.556375838926175E-7,1.498802700990013+2.2245236685322872E-9i,7.182976486814235E-5-8.608075476806301E-16i,7.183014314291898E-5+8.608120809236863E-16i,7946470.26917983,7946512.117420053,32.96019991193964-3.201918690450193E-9i,31.045357259986936+3.894237662485201E-11i
8.556375838926175E-7,2.4041634205075297+1.2118612659875985E-15i,7.182976486814235E-5-8.608075476806301E-16i,7.183014314291898E-5+8.608120809236863E-16i,7946470.26917983,7946512.117420053,32.96019991193964-3.201918690450193E-9i,31.045357259986936+3.894237662485201E-11i
8.657046979865772E-7,1.4988027009900016+2.2245248809782667E-9i,6.669891334175419E-5-1.1282032684416028E-15i,6.669927858028954E-5+1.128209446402962E-15i,7946330.532758294,7946374.046302551,33.49614273959436-3.274187136825155E-9i,22.681632243674677+1.0080637877648094E-9i
8.657046979865772E-7,2.404163420507522-4.847445063950465E-16i,6.669891334175419E-5-1.1282032684416028E-15i,6.669927858028954E-5+1.128209446402962E-15i,7946330.532758294,7946374.046302551,33.49614273959436-3.274187136825155E-9i,22.681632243674677+1.0080637877648094E-9i
8.757718120805369E-7,1.4988027009900062+2.2245212436403915E-9i,6.300969389330762E-5-3.1958754366681376E-16i,6.300849305203907E-5+3.195814529546132E-16i,7946545.549941027,7946394.104357713,33.050555575352234-3.3421701695327124E-9i,25.821177008966767-1.8949265819133133E-9i
8.757718120805369E-7,2.404163420507527,6.300969389330762E-5-3.1958754366681376E-16i,6.300849305203907E-5+3.195814529546132E-16i,7946545.549941027,7946394.104357713,33.050555575352234-3.3421701695327124E-9i,25.821177008966767-1.8949265819133133E-9i
8.858389261744967E-7,1.498802700990015+2.224522456086327E-9i,5.909504502429393E-5-9.637213589220125E-16i,5.909495741767471E-5+9.637199302342083E-16i,7946525.607129223,7946513.826644903,31.487807745919827-3.369432329731361E-9i,22.7281067827398+6.856618011102139E-10i
8.858389261744967E-7,2.404163420507528,5.909504502429393E-5-9.637213589220125E-16i,5.909495741767471E-5+9.637199302342083E-16i,7946525.607129223,7946513.826644903,31.487807745919827-3.369432329731361E-9i,22.7281067827398+6.856618011102139E-10i
8.959060402684565E-7,1.4988027009900116+2.2245224560863346E-9i,5.5467498000796894E-5-4.607540184833845E-16i,5.546757461051245E-5+4.607546548602822E-16i,7946472.432116384,7946483.407498537,30.63839900873712-3.432243670151885E-9i,22.272397135585724-1.205480644864955E-9i
8.959060402684565E-7,2.4041634205075244-4.847445063950444E-16i,5.5467498000796894E-5-4.607540184833845E-16i,5.546757461051245E-5+4.607546548602822E-16i,7946472.432116384,7946483.407498537,30.63839900873712-3.432243670151885E-9i,22.272397135585724-1.205480644864955E-9i
9.059731543624162E-7,1.4988027009900182+2.2245269017214876E-9i,5.206145428494965E-5-1.2705348729660968E-15i,5.206163766368585E-5+1.2705393482363806E-15i,7946561.79226106,7946589.782843935,29.94659477130554-3.4514417293216088E-9i,18.088118622654054+1.1882840362225738E-9i
9.059731543624162E-7,2.4041634205075275,5.206145428494965E-5-1.2705348729660968E-15i,5.206163766368585E-5+1.2705393482363806E-15i,7946561.79226106,7946589.782843935,29.94659477130554-3.4514417293216088E-9i,18.088118622654054+1.1882840362225738E-9i
9.160402684563759E-7,1.498802700990021+2.2245228602349652E-9i,4.881598622365948E-5-8.8052123769053E-16i,4.881547046755448E-5+8.805119347092924E-16i,7946550.973765425,7946467.015978231,28.661929398148676-3.4781301849564284E-9i,20.38117721241024-2.7907428550261997E-10i
9.160402684563759E-7,2.4041634205075213-7.2711675959257135E-16i,4.881598622365948E-5-8.8052123769053E-16i,4.881547046755448E-5+8.805119347092924E-16i,7946550.973765425,7946467.015978231,28.661929398148676-3.4781301849564284E-9i,20.38117721241024-2.7907428550261997E-10i
9.261073825503356E-7,1.4988027009900116+2.2245256892755474E-9i,4.562829235587206E-5-6.97160081678123E-16i,4.56305400765831E-5+6.97194424869016E-16i,7946243.778781872,7946635.223120227,27.177228609980794-3.4980906441815504E-9i,19.862990327713906-3.938222514140008E-10i
9.261073825503356E-7,2.4041634205075257+7.2711675959256425E-16i,4.562829235587206E-5-6.97160081678123E-16i,4.56305400765831E-5+6.97194424869016E-16i,7946243.778781872,7946635.223120227,27.177228609980794-3.4980906441815504E-9i,19.862990327713906-3.938222514140008E-10i
9.361744966442953E-7,1.498802700990015+2.2245188187484627E-9i,4.2759909816876204E-5-1.4249285055779904E-15i,4.275930547996983E-5+1.4249083666934945E-15i,7946670.579171932,7946558.266813458,25.598085429475535-3.4975061672775877E-9i,20.57453340439043+2.407006633962885E-9i
9.361744966442953E-7,2.4041634205075253+7.271167595925653E-16i,4.2759909816876204E-5-1.4249285055779904E-15i,4.275930547996983E-5+1.4249083666934945E-15i,7946670.579171932,7946558.266813458,25.598085429475535-3.4975061672775877E-9i,20.57453340439043+2.407006633962885E-9i
9.462416107382551E-7,1.498802700990019+2.224524476829576E-9i,3.967996040462885E-5-1.062359626598074E-15i,3.9679223659385375E-5+1.0623399015682664E-15i,7946546.782395616,7946399.237375669,24.010869511935717-3.485644190692016E-9i,19.994744793279054+4.786805569692709E-10i
9.462416107382551E-7,2.404163420507529-7.271167595925611E-16i,3.967996040462885E-5-1.062359626598074E-15i,3.9679223659385375E-5+1.0623399015682664E-15i,7946546.782395616,7946399.237375669,24.010869511935717-3.485644190692016E-9i,19.994744793279054+4.786805569692709E-10i
9.563087248322147E-7,1.498802700990015+2.2245232643836306E-9i,3.6802826553420927E-5-6.267484135467533E-16i,3.680210967750164E-5+6.267362052223609E-16i,7946507.093942998,7946352.305299957,22.323855468000563-3.483080842715946E-9i,21.26197667299616+1.5816101156251243E-11i
9.563087248322147E-7,2.4041634205075235,3.6802826553420927E-5-6.267484135467533E-16i,3.680210967750164E-5+6.267362052223609E-16i,7946507.093942998,7946352.305299957,22.323855468000563-3.483080842715946E-9i,21.26197667299616+1.5816101156251243E-11i
9.663758389261744E-7,1.4988027009900111+2.2245216477890333E-9i,3.3907099088522075E-5-8.254182573365513E-16i,3.39075277778907E-5+8.254286931461926E-16i,7946364.315072596,7946464.781405271,20.83610318607159-3.45638282350565E-9i,19.84862801444405+4.003011199094424E-10i
9.663758389261744E-7,2.4041634205075226+4.847445063950461E-16i,3.3907099088522075E-5-8.254182573365513E-16i,3.39075277778907E-5+8.254286931461926E-16i,7946364.315072596,7946464.781405271,20.83610318607159-3.45638282350565E-9i,19.84862801444405+4.003011199094424E-10i
9.764429530201341E-7,1.4988027009900138+2.224522860234981E-9i,3.1119742034507575E-5-5.656813303581347E-16i,3.111986197878121E-5+5.656835106537233E-16i,7946525.670610198,7946556.298764018,19.249396224760204-3.4447198825631465E-9i,19.213641181149438-9.285276397436315E-10i
9.764429530201341E-7,2.404163420507524+7.271167595925668E-16i,3.1119742034507575E-5-5.656813303581347E-16i,3.111986197878121E-5+5.656835106537233E-16i,7946525.670610198,7946556.298764018,19.249396224760204-3.4447198825631465E-9i,19.213641181149438-9.285276397436315E-10i
9.865100671140938E-7,1.498802700990009+2.224522456086341E-9i,2.861817353119366E-5-6.722684013728571E-16i,2.8616958356252045E-5+6.722398557455654E-16i,7946648.552448158,7946311.124618134,17.934241449166304-3.419194036819418E-9i,17.893109859038073-2.1609438394104123E-10i
9.865100671140938E-7,2.4041634205075204-7.271167595925726E-16i,2.861817353119366E-5-6.722684013728571E-16i,2.8616958356252045E-5+6.722398557455654E-16i,7946648.552448158,7946311.124618134,17.934241449166304-3.419194036819418E-9i,17.893109859038073-2.1609438394104123E-10i
9.965771812080536E-7,1.498802700990013+2.224522051937681E-9i,2.62505011869287E-5-5.474451251494865E-16i,2.6250355543907894E-5+5.474420878146491E-16i,7946489.284111125,7946445.195402162,16.36589876650032-3.3908636430462714E-9i,16.566279308159903-7.004112446108852E-11i
9.965771812080536E-7,2.4041634205075257-4.847445063950429E-16i,2.62505011869287E-5-5.474451251494865E-16i,2.6250355543907894E-5+5.474420878146491E-16i,7946489.284111125,7946445.195402162,16.36589876650032-3.3908636430462714E-9i,16.566279308159903-7.004112446108852E-11i
1.0066442953020133E-6,1.498802700990019+2.2245220519376668E-9i,2.404466283601405E-5-5.410046294382514E-16i,2.4044692896854983E-5+5.410053058068167E-16i,7946460.8127553575,7946470.747487787,15.013373675389788-3.3511079425534453E-9i,15.122954933864962-7.580926547163607E-10i
1.0066442953020133E-6,2.4041634205075204,2.404466283601405E-5-5.410046294382514E-16i,2.4044692896854983E-5+5.410053058068167E-16i,7946460.8127553575,7946470.747487787,15.013373675389788-3.3511079425534453E-9i,15.122954933864962-7.580926547163607E-10i
1.016711409395973E-6,1.4988027009900096+2.2245228602349917E-9i,2.194294039769293E-5-1.0582718039231345E-15i,2.194275528357606E-5+1.0582628761747634E-15i,7946714.955165845,7946647.915421095,13.827616284206327-3.312261966787939E-9i,13.695651231019038+1.3212311928022482E-9i
1.016711409395973E-6,2.404163420507523,2.194294039769293E-5-1.0582718039231345E-15i,2.194275528357606E-5+1.0582628761747634E-15i,7946714.955165845,7946647.915421095,13.827616284206327-3.312261966787939E-9i,13.695651231019038+1.3212311928022482E-9i
1.026778523489933E-6,1.4988027009900051+2.2245216477890465E-9i,1.990218874244496E-5-5.681690195573577E-16i,1.9903013456936942E-5+5.681925635620092E-16i,7946382.47823641,7946711.763465829,12.631431890279032-3.2749727313501195E-9i,12.770614646746278-8.484596474313912E-10i
1.026778523489933E-6,2.4041634205075217,1.990218874244496E-5-5.681690195573577E-16i,1.9903013456936942E-5+5.681925635620092E-16i,7946382.47823641,7946711.763465829,12.631431890279032-3.2749727313501195E-9i,12.770614646746278-8.484596474313912E-10i
1.0368456375838927E-6,1.4988027009900193+2.224522051937666E-9i,1.8127214156903875E-5-5.289532107084124E-16i,1.8126904408015745E-5+5.28944172217033E-16i,7946400.021644311,7946264.2374828765,11.522128855995899-3.232727513924035E-9i,11.80931957567733-2.0615706427153108E-10i
1.0368456375838927E-6,2.4041634205075213-4.847445063950474E-16i,1.8127214156903875E-5-5.289532107084124E-16i,1.8126904408015745E-5+5.28944172217033E-16i,7946400.021644311,7946264.2374828765,11.522128855995899-3.232727513924035E-9i,11.80931957567733-2.0615706427153108E-10i
1.0469127516778524E-6,1.4988027009900002+2.224523668532315E-9i,1.62638739712756E-5-9.66558767800971E-16i,1.6264615591449068E-5+9.66602842139121E-16i,7946321.6443484165,7946683.990517911,10.348789625392444-3.1890087287958052E-9i,10.331818915616452+7.491727660357408E-10i
1.0469127516778524E-6,2.4041634205075177-4.847445063950501E-16i,1.62638739712756E-5-9.66558767800971E-16i,1.6264615591449068E-5+9.66602842139121E-16i,7946321.6443484165,7946683.990517911,10.348789625392444-3.1890087287958052E-9i,10.331818915616452+7.491727660357408E-10i
1.056979865771812E-6,1.4988027009900153+2.2245208394917195E-9i,1.4695739274271429E-5-6.800866439643217E-16i,1.4695593750969527E-5+6.800799094644668E-16i,7946577.282923548,7946498.592621215,9.503359442973197-3.1366667153169533E-9i,9.735777243949359-3.592206622357398E-10i
1.056979865771812E-6,2.404163420507525,1.4695739274271429E-5-6.800866439643217E-16i,1.4695593750969527E-5+6.800799094644668E-16i,7946577.282923548,7946498.592621215,9.503359442973197-3.1366667153169533E-9i,9.735777243949359-3.592206622357398E-10i
1.0670469798657718E-6,1.4988027009900025+2.224522051937703E-9i,1.308897671363663E-5-6.380528703211691E-16i,1.3088927617840187E-5+6.380504770314164E-16i,7946269.609642619,7946239.803765093,8.081742200223761-3.0940353867700104E-9i,8.50255933065963-6.978065728531333E-10i
1.0670469798657718E-6,2.4041634205075217,1.308897671363663E-5-6.380528703211691E-16i,1.3088927617840187E-5+6.380504770314164E-16i,7946269.609642619,7946239.803765093,8.081742200223761-3.0940353867700104E-9i,8.50255933065963-6.978065728531333E-10i
1.0771140939597315E-6,1.4988027009900067+2.224522860234998E-9i,1.1715170243937961E-5-1.433110502184065E-15i,1.1715274915114506E-5+1.4331233065530379E-15i,7946535.418598262,7946606.418267284,7.520589280528183-3.03706934562136E-9i,7.973824945928079+2.602372982315463E-9i
1.0771140939597315E-6,2.4041634205075297,1.1715170243937961E-5-1.433110502184065E-15i,1.1715274915114506E-5+1.4331233065530379E-15i,7946535.418598262,7946606.418267284,7.520589280528183-3.03706934562136E-9i,7.973824945928079+2.602372982315463E-9i
1.0871812080536913E-6,1.4988027009900176+2.2245224560863218E-9i,1.0421121096195623E-5-3.857468991692303E-16i,1.0421515699853572E-5+3.857615057682757E-16i,7946372.191259597,7946673.08667226,6.3957766702892-2.9921273969721183E-9i,6.602589098859362-8.635462459202226E-10i
1.0871812080536913E-6,2.4041634205075257,1.0421121096195623E-5-3.857468991692303E-16i,1.0421515699853572E-5+3.857615057682757E-16i,7946372.191259597,7946673.08667226,6.3957766702892-2.9921273969721183E-9i,6.602589098859362-8.635462459202226E-10i
1.097248322147651E-6,1.4988027009900076+2.2245224560863437E-9i,9.34592471042515E-6-7.416904329602883E-16i,9.346055508047855E-6+7.417008130295078E-16i,7946359.774311025,7946470.984811754,5.687622274920748-2.9396711964157644E-9i,6.507346422039115+1.508424494420433E-10i
1.097248322147651E-6,2.404163420507525+1.2118612659876104E-15i,9.34592471042515E-6-7.416904329602883E-16i,9.346055508047855E-6+7.417008130295078E-16i,7946359.774311025,7946470.984811754,5.687622274920748-2.9396711964157644E-9i,6.507346422039115+1.508424494420433E-10i
1.1073154362416107E-6,1.4988027009900113+2.2245224560863354E-9i,8.043450912252578E-6-1.3084558664585637E-15i,8.043518066833908E-6+1.3084667907256299E-15i,7946342.852899566,7946409.196727858,4.823595763430834-2.883785453046677E-9i,5.194195371469459+3.0854718740676974E-9i
1.1073154362416107E-6,2.404163420507529,8.043450912252578E-6-1.3084558664585637E-15i,8.043518066833908E-6+1.3084667907256299E-15i,7946342.852899566,7946409.196727858,4.823595763430834-2.883785453046677E-9i,5.194195371469459+3.0854718740676974E-9i
1.1173825503355704E-6,1.4988027009900076+2.2245204353430856E-9i,7.116011588901005E-6-2.5196522311768864E-16i,7.116100917710701E-6+2.51968386090821E-16i,7946562.7676141355,7946662.522509626,3.9279967988080218-2.8307021951162856E-9i,5.183912894237557-1.8160305035393678E-9i
1.1173825503355704E-6,2.404163420507525+9.694890127900883E-16i,7.116011588901005E-6-2.5196522311768864E-16i,7.116100917710701E-6+2.51968386090821E-16i,7946562.7676141355,7946662.522509626,3.9279967988080218-2.8307021951162856E-9i,5.183912894237557-1.8160305035393678E-9i
1.1274496644295301E-6,1.498802700990007+2.2245228602349966E-9i,6.129697590326154E-6-1.4501673834733393E-15i,6.129583035118806E-6+1.45014028193646E-15i,7946544.185812896,7946395.676362952,3.1838840728427873-2.779240009036144E-9i,3.881426893375386+3.7150701697710647E-9i
1.1274496644295301E-6,2.404163420507524+7.271167595925668E-16i,6.129697590326154E-6-1.4501673834733393E-15i,6.129583035118806E-6+1.45014028193646E-15i,7946544.185812896,7946395.676362952,3.1838840728427873-2.779240009036144E-9i,3.881426893375386+3.7150701697710647E-9i
1.1375167785234899E-6,1.4988027009900062+2.2245216477890436E-9i,5.378579227448521E-6-2.8498076432114773E-16i,5.378516608895971E-6+2.8497744651504845E-16i,7946574.487356024,7946481.97166152,2.897409322151523-2.718143216309761E-9i,3.6567657555210724-1.2588221945209476E-9i
1.1375167785234899E-6,2.404163420507524,5.378579227448521E-6-2.8498076432114773E-16i,5.378516608895971E-6+2.8497744651504845E-16i,7946574.487356024,7946481.97166152,2.897409322151523-2.718143216309761E-9i,3.6567657555210724-1.2588221945209476E-9i
1.1475838926174496E-6,1.4988027009900098+2.224523264383642E-9i,4.641459294926382E-6-8.233118183538835E-16i,4.641489926175122E-6+8.233172517892529E-16i,7946442.381098164,7946494.823538613,2.0493278005219593-2.663907690476042E-9i,2.9055900287364915+1.3357059521855165E-9i
1.1475838926174496E-6,2.4041634205075257+4.847445063950429E-16i,4.641459294926382E-6-8.233118183538835E-16i,4.641489926175122E-6+8.233172517892529E-16i,7946442.381098164,7946494.823538613,2.0493278005219593-2.663907690476042E-9i,2.9055900287364915+1.3357059521855165E-9i
1.1576510067114093E-6,1.4988027009900022+2.224526497572872E-9i,3.998804085223147E-6-4.804168592136662E-16i,3.998626320659268E-6+4.803955025551157E-16i,7946585.071380056,7946231.810455064,1.645401067627108-2.608499013826336E-9i,2.3679981248097812+4.325565364583325E-11i
1.1576510067114093E-6,2.404163420507522,3.998804085223147E-6-4.804168592136662E-16i,3.998626320659268E-6+4.803955025551157E-16i,7946585.071380056,7946231.810455064,1.645401067627108-2.608499013826336E-9i,2.3679981248097812+4.325565364583325E-11i
1.167718120805369E-6,1.498802700990019+2.224523668532273E-9i,3.374320677053463E-6-8.517001591511105E-16i,3.3742366702886164E-6+8.516789553054071E-16i,7946613.960914368,7946416.122773126,0.8396154665212652-2.5535078374585323E-9i,2.4044628193154076+1.542551188310391E-9i
1.167718120805369E-6,2.4041634205075253-7.271167595925653E-16i,3.374320677053463E-6-8.517001591511105E-16i,3.3742366702886164E-6+8.516789553054071E-16i,7946613.960914368,7946416.122773126,0.8396154665212652-2.5535078374585323E-9i,2.4044628193154076+1.542551188310391E-9i
1.1777852348993287E-6,1.4988027009900058+2.224522860235E-9i,2.882932198304305E-6-1.5697316230903836E-16i,2.8829439926554607E-6+1.5697380450124786E-16i,7946544.183034949,7946576.693106551,0.4890437481978013-2.4914051732412365E-9i,1.8262863720662352-1.5918309527523322E-9i
1.1777852348993287E-6,2.404163420507522,2.882932198304305E-6-1.5697316230903836E-16i,2.8829439926554607E-6+1.5697380450124786E-16i,7946544.183034949,7946576.693106551,0.4890437481978013-2.4914051732412365E-9i,1.8262863720662352-1.5918309527523322E-9i
1.1878523489932885E-6,1.4988027009900122+2.224520839491727E-9i,2.450260230978697E-6-2.7735651797612427E-16i,2.4502335084725426E-6+2.7735349312955303E-16i,7946279.236723981,7946192.574706049,0.05128794862273552-2.439631082283335E-9i,1.6893368513615328-1.850822915312579E-9i
1.1878523489932885E-6,2.404163420507525+7.271167595925659E-16i,2.450260230978697E-6-2.7735651797612427E-16i,2.4502335084725426E-6+2.7735349312955303E-16i,7946279.236723981,7946192.574706049,0.05128794862273552-2.439631082283335E-9i,1.6893368513615328-1.850822915312579E-9i
1.1979194630872482E-6,1.498802700990013+2.224523264383636E-9i,2.1455954480524447E-6-6.178128172015539E-16i,2.1456905333104193E-6+6.178401964967312E-16i,7946253.567409367,7946605.717471415,0.01664785557554725-2.378611579750647E-9i,1.5443147943244526+4.5189002057620235E-10i
1.1979194630872482E-6,2.404163420507525+1.2118612659876094E-15i,2.1455954480524447E-6-6.178128172015539E-16i,2.1456905333104193E-6+6.178401964967312E-16i,7946253.567409367,7946605.717471415,0.01664785557554725-2.378611579750647E-9i,1.5443147943244526+4.5189002057620235E-10i
1.2079865771812081E-6,1.4988027009900071+2.2245248809782543E-9i,1.827388963506195E-6-4.728868028898705E-16i,1.8273055257619524E-6+4.728652110947447E-16i,7946854.110886839,7946491.261162796,-0.43709423644152284-2.3200168398813252E-9i,0.9407463891430823-2.65417109487562E-10i
1.2079865771812081E-6,2.404163420507525,1.827388963506195E-6-4.728868028898705E-16i,1.8273055257619524E-6+4.728652110947447E-16i,7946854.110886839,7946491.261162796,-0.43709423644152284-2.3200168398813252E-9i,0.9407463891430823-2.65417109487562E-10i
1.2180536912751678E-6,1.4988027009900131+2.22452205193768E-9i,1.5668823660385785E-6-1.1912759510181085E-15i,1.5669329138653408E-6+1.1913143817335877E-15i,7946209.004904557,7946465.350629497,-0.5667145379917676-2.259515604624437E-9i,0.9309210701683656+3.426325591408118E-9i
1.2180536912751678E-6,2.404163420507522,1.5668823660385785E-6-1.1912759510181085E-15i,1.5669329138653408E-6+1.1913143817335877E-15i,7946209.004904557,7946465.350629497,-0.5667145379917676-2.259515604624437E-9i,0.9309210701683656+3.426325591408118E-9i
1.2281208053691276E-6,1.4988027009900076+2.2245220519376916E-9i,1.3292075860867617E-6-4.417280500157722E-18i,1.3291809221364432E-6+4.417191889357571E-18i,7946547.368140132,7946387.960123962,-0.8380598495977999-2.2057973835658907E-9i,0.4555949956311091-2.507096537867557E-9i
1.2281208053691276E-6,2.404163420507519,1.3292075860867617E-6-4.417280500157722E-18i,1.3291809221364432E-6+4.417191889357571E-18i,7946547.368140132,7946387.960123962,-0.8380598495977999-2.2057973835658907E-9i,0.4555949956311091-2.507096537867557E-9i
1.2381879194630873E-6,1.4988027009900005+2.2245244768296175E-9i,1.1908349692827648E-6-2.1291251313535218E-16i,1.1908308299788739E-6+2.1291177305833328E-16i,7946550.433824094,7946522.811871333,-0.7938921951135809-2.1501763791778537E-9i,0.3987486883323433-1.1288833780131174E-9i
1.2381879194630873E-6,2.4041634205075195-7.271167595925733E-16i,1.1908349692827648E-6-2.1291251313535218E-16i,1.1908308299788739E-6+2.1291177305833328E-16i,7946550.433824094,7946522.811871333,-0.7938921951135809-2.1501763791778537E-9i,0.3987486883323433-1.1288833780131174E-9i
1.248255033557047E-6,1.498802700990015+2.224522456086327E-9i,1.1223805350481975E-6+1.1790154571656863E-16i,1.1223501820615752E-6-1.1789835725781677E-16i,7946489.023568597,7946274.123481125,-0.799879542070414-2.091192762712315E-9i,0.6272004256262343-2.530976195922002E-9i
1.248255033557047E-6,2.404163420507527-4.847445063950425E-16i,1.1223805350481975E-6+1.1790154571656863E-16i,1.1223501820615752E-6-1.1789835725781677E-16i,7946489.023568597,7946274.123481125,-0.799879542070414-2.091192762712315E-9i,0.6272004256262343-2.530976195922002E-9i
1.2583221476510067E-6,1.4988027009900111+2.224522860234988E-9i,9.73447444306212E-7-9.091026356245789E-17i,9.734209706841683E-7+9.090779119071197E-17i,7946664.0436583785,7946447.928261745,-1.072796985598514-2.038240558343371E-9i,0.3803450943626068-1.939246256690802E-9i
1.2583221476510067E-6,2.404163420507518+9.69489012790099E-16i,9.73447444306212E-7-9.091026356245789E-17i,9.734209706841683E-7+9.090779119071197E-17i,7946664.0436583785,7946447.928261745,-1.072796985598514-2.038240558343371E-9i,0.3803450943626068-1.939246256690802E-9i
1.2683892617449664E-6,1.4988027009900113+2.2245196270457744E-9i,9.434546439711257E-7-1.8436905944994447E-16i,9.434207209431246E-7+1.843624302422701E-16i,7946714.814129634,7946429.08059594,-1.3292656687143967-1.9915499845195384E-9i,0.45087756121030964-1.1439982587893923E-9i
1.2683892617449664E-6,2.404163420507527+4.847445063950421E-16i,9.434546439711257E-7-1.8436905944994447E-16i,9.434207209431246E-7+1.843624302422701E-16i,7946714.814129634,7946429.08059594,-1.3292656687143967-1.9915499845195384E-9i,0.45087756121030964-1.1439982587893923E-9i
1.2784563758389262E-6,1.4988027009900051+2.224522860235001E-9i,9.596997627438712E-7-8.040789672121548E-16i,9.597004062027152E-7+8.040795063304734E-16i,7946370.703449738,7946376.031326834,-1.0603534199397842-1.93852981987741E-9i,0.4673106725301985+1.964124775714049E-9i
1.2784563758389262E-6,2.4041634205075204-4.847445063950482E-16i,9.596997627438712E-7-8.040789672121548E-16i,9.597004062027152E-7+8.040795063304734E-16i,7946370.703449738,7946376.031326834,-1.0603534199397842-1.93852981987741E-9i,0.4673106725301985+1.964124775714049E-9i
1.2885234899328859E-6,1.4988027009900096+2.2245212436403853E-9i,9.707591326194778E-7-5.296273883181136E-16i,9.707306462938604E-7+5.29611846730368E-16i,7946447.74836872,7946214.56478017,-0.7341720870700874-1.883430185919889E-9i,0.5300120535201518+7.567127488489147E-10i
1.2885234899328859E-6,2.4041634205075217+4.847445063950471E-16i,9.707591326194778E-7-5.296273883181136E-16i,9.707306462938604E-7+5.29611846730368E-16i,7946447.74836872,7946214.56478017,-0.7341720870700874-1.883430185919889E-9i,0.5300120535201518+7.567127488489147E-10i
1.2985906040268456E-6,1.4988027009900116+2.224522860234986E-9i,9.437444980059112E-7-1.2724247182026716E-15i,9.43743940528499E-7+1.2724239665712283E-15i,7946607.68360086,7946602.989476102,-0.8750278246252639-1.8386293431206882E-9i,0.3905056929169839+4.723417256380155E-9i
1.2985906040268456E-6,2.404163420507528,9.437444980059112E-7-1.2724247182026716E-15i,9.43743940528499E-7+1.2724239665712283E-15i,7946607.68360086,7946602.989476102,-0.8750278246252639-1.8386293431206882E-9i,0.3905056929169839+4.723417256380155E-9i
1.3086577181208053E-6,1.4988027009900196+2.224522860234968E-9i,9.64454436268946E-7-8.928107733651568E-16i,9.644272470218404E-7+8.927856038477356E-16i,7946457.016756736,7946232.995615386,-1.0872495678681788-1.7976591281432647E-9i,0.5949986838115813+2.3870293380983814E-9i
1.3086577181208053E-6,2.404163420507527,9.64454436268946E-7-8.928107733651568E-16i,9.644272470218404E-7+8.927856038477356E-16i,7946457.016756736,7946232.995615386,-1.0872495678681788-1.7976591281432647E-9i,0.5949986838115813+2.3870293380983814E-9i
1.318724832214765E-6,1.4988027009900156+2.2245260934241904E-9i,1.0067173573151301E-6+3.849470350651142E-16i,1.0067240370385674E-6-3.8494958924749064E-16i,7946329.356487885,7946382.08159682,-0.8520683010262038-1.7520828594424055E-9i,0.7152442376020495-3.818020958545223E-9i
1.318724832214765E-6,2.404163420507524+9.6948901279009E-16i,1.0067173573151301E-6+3.849470350651142E-16i,1.0067240370385674E-6-3.8494958924749064E-16i,7946329.356487885,7946382.08159682,-0.8520683010262038-1.7520828594424055E-9i,0.7152442376020495-3.818020958545223E-9i
1.3287919463087248E-6,1.4988027009900107+2.2245228602349884E-9i,1.0917360439206914E-6-8.097618719070876E-16i,1.0917194325973643E-6+8.097495509652748E-16i,7946519.460320239,7946398.54995466,-0.5548332979101701-1.708942123416111E-9i,0.7033911407397021+2.633461830069014E-9i
1.3287919463087248E-6,2.4041634205075244,1.0917360439206914E-6-8.097618719070876E-16i,1.0917194325973643E-6+8.097495509652748E-16i,7946519.460320239,7946398.54995466,-0.5548332979101701-1.708942123416111E-9i,0.7033911407397021+2.633461830069014E-9i
1.3388590604026845E-6,1.4988027009900131+2.224524072680938E-9i,1.1283985778874736E-6+2.520734680872393E-16i,1.1283749708480586E-6-2.5206819450003943E-16i,7946464.179250064,7946297.932591376,-0.2687189376269039-1.6696080767052047E-9i,0.8611068077955636-2.8025119011030584E-9i
1.3388590604026845E-6,2.404163420507524,1.1283985778874736E-6+2.520734680872393E-16i,1.1283749708480586E-6-2.5206819450003943E-16i,7946464.179250064,7946297.932591376,-0.2687189376269039-1.6696080767052047E-9i,0.8611068077955636-2.8025119011030584E-9i
1.3489261744966442E-6,1.4988027009900131+2.224522860234984E-9i,1.1289816439988008E-6-3.3623975830700684E-16i,1.1289795027177587E-6+3.362391205784629E-16i,7946522.363021516,7946507.291263768,-0.18882029606886247-1.6361608799987767E-9i,0.9106740246844389-2.301018208213911E-10i
1.3489261744966442E-6,2.404163420507524,1.1289816439988008E-6-3.3623975830700684E-16i,1.1289795027177587E-6+3.362391205784629E-16i,7946522.363021516,7946507.291263768,-0.18882029606886247-1.6361608799987767E-9i,0.9106740246844389-2.301018208213911E-10i
1.358993288590604E-6,1.4988027009900176+2.2245252851268824E-9i,1.1232011330632734E-6-1.476141206563152E-15i,1.1232406132332402E-6+1.4761930924667667E-15i,7946271.474053057,7946550.783020095,-0.2384981883189616-1.6042234389852298E-9i,0.9583237736327532+5.526990688963726E-9i
1.358993288590604E-6,2.4041634205075266,1.1232011330632734E-6-1.476141206563152E-15i,1.1232406132332402E-6+1.4761930924667667E-15i,7946271.474053057,7946550.783020095,-0.2384981883189616-1.6042234389852298E-9i,0.9583237736327532+5.526990688963726E-9i
1.3690604026845636E-6,1.498802700990019+2.2245232643836215E-9i,1.1464464600530767E-6+3.108835734168706E-16i,1.1463840221720862E-6-3.1086664204481333E-16i,7946586.795749453,7946154.007949861,0.08231447295055949-1.5680994254196926E-9i,1.0110538188478786-3.586942026628196E-9i
1.3690604026845636E-6,2.4041634205075217,1.1464464600530767E-6+3.108835734168706E-16i,1.1463840221720862E-6-3.1086664204481333E-16i,7946586.795749453,7946154.007949861,0.08231447295055949-1.5680994254196926E-9i,1.0110538188478786-3.586942026628196E-9i
1.3791275167785234E-6,1.4988027009900098+2.2245224560863396E-9i,1.1066935173448786E-6-7.689707784489157E-16i,1.1066720092761574E-6+7.689558338630044E-16i,7946483.161763424,7946328.725595307,0.19100321798220596-1.5422567332613123E-9i,0.9464275473100602+2.3057840436426185E-9i
1.3791275167785234E-6,2.404163420507529,1.1066935173448786E-6-7.689707784489157E-16i,1.1066720092761574E-6+7.689558338630044E-16i,7946483.161763424,7946328.725595307,0.19100321798220596-1.5422567332613123E-9i,0.9464275473100602+2.3057840436426185E-9i
1.389194630872483E-6,1.4988027009900111+2.224523668532291E-9i,1.1291485814356903E-6-4.615137908093911E-16i,1.1291612475846512E-6+4.615189678095822E-16i,7946264.351342106,7946353.488032762,0.49337363225894365-1.5157216788371163E-9i,0.8832171352944058+5.735014548593403E-10i
1.389194630872483E-6,2.404163420507527,1.1291485814356903E-6-4.615137908093911E-16i,1.1291612475846512E-6+4.615189678095822E-16i,7946264.351342106,7946353.488032762,0.49337363225894365-1.5157216788371163E-9i,0.8832171352944058+5.735014548593403E-10i
1.399261744966443E-6,1.4988027009900156+2.2245224560863255E-9i,1.1151451966678818E-6-2.0519639703261887E-16i,1.1150995378238791E-6+2.0518799540894693E-16i,7946487.733353079,7946162.369943015,0.658735629301614-1.4914399680401534E-9i,0.8202493005974774-8.689888456584349E-10i
1.399261744966443E-6,2.4041634205075204,1.1151451966678818E-6-2.0519639703261887E-16i,1.1150995378238791E-6+2.0518799540894693E-16i,7946487.733353079,7946162.369943015,0.658735629301614-1.4914399680401534E-9i,0.8202493005974774-8.689888456584349E-10i
1.4093288590604027E-6,1.4988027009900105+2.224522860234989E-9i,1.0813980337500878E-6-1.018269173020633E-16i,1.081401814533671E-6+1.0182727330931063E-16i,7946554.727873152,7946582.510616026,0.8016693402515355-1.4715156306409546E-9i,0.7577261058930473-1.529064479947937E-9i
1.4093288590604027E-6,2.404163420507527,1.0813980337500878E-6-1.018269173020633E-16i,1.081401814533671E-6+1.0182727330931063E-16i,7946554.727873152,7946582.510616026,0.8016693402515355-1.4715156306409546E-9i,0.7577261058930473-1.529064479947937E-9i
1.4193959731543625E-6,1.498802700990017+2.22452164778902E-9i,1.038944286084532E-6-1.1566661062841845E-15i,1.0389795071278349E-6+1.1567053181914658E-15i,7946233.367758428,7946502.751432929,0.873717612207931-1.4566757246124202E-9i,0.6926053810754514+3.8631383333457365E-9i
1.4193959731543625E-6,2.404163420507527-1.2118612659876062E-15i,1.038944286084532E-6-1.1566661062841845E-15i,1.0389795071278349E-6+1.1567053181914658E-15i,7946233.367758428,7946502.751432929,0.873717612207931-1.4566757246124202E-9i,0.6926053810754514+3.8631383333457365E-9i
1.4294630872483222E-6,1.4988027009900096+2.2245240726809464E-9i,9.806333962431256E-7-2.1938937955497126E-16i,9.806345138779936E-7+2.1938962959461014E-16i,7946366.921237585,7946375.97776847,0.976529256921715-1.4421512778149256E-9i,0.6301720831207842-6.359189916425463E-10i
1.4294630872483222E-6,2.404163420507521-7.271167595925716E-16i,9.806333962431256E-7-2.1938937955497126E-16i,9.806345138779936E-7+2.1938962959461014E-16i,7946366.921237585,7946375.97776847,0.976529256921715-1.4421512778149256E-9i,0.6301720831207842-6.359189916425463E-10i
1.439530201342282E-6,1.4988027009900116+2.2245220519376833E-9i,9.163417934889574E-7-1.2359744541270905E-15i,9.16334713060273E-7+1.2359649039471902E-15i,7946499.109466138,7946437.708119238,1.0473874627854578-1.4268550245183446E-9i,0.5736621303544438+4.98463767990095E-9i
1.439530201342282E-6,2.404163420507522,9.163417934889574E-7-1.2359744541270905E-15i,9.16334713060273E-7+1.2359649039471902E-15i,7946499.109466138,7946437.708119238,1.0473874627854578-1.4268550245183446E-9i,0.5736621303544438+4.98463767990095E-9i
1.4495973154362416E-6,1.4988027009900147+2.2245228602349793E-9i,8.621957617909395E-7-1.2895198118082756E-15i,8.622153829712405E-7+1.2895491576968202E-15i,7946428.723853726,7946609.562495654,1.0066132229627154-1.4188463756164899E-9i,0.5269739319542911+4.243889892019909E-9i
1.4495973154362416E-6,2.404163420507527,8.621957617909395E-7-1.2895198118082756E-15i,8.622153829712405E-7+1.2895491576968202E-15i,7946428.723853726,7946609.562495654,1.0066132229627154-1.4188463756164899E-9i,0.5269739319542911+4.243889892019909E-9i
1.4596644295302013E-6,1.4988027009900269+2.2245224560863007E-9i,8.030593913344316E-7-3.2950892445485146E-16i,8.030726662035281E-7+3.2951437135938356E-16i,7946651.834962127,7946783.196059331,0.9642891092525723-1.4069335755024623E-9i,0.47025402824788654-5.060769851654518E-10i
1.4596644295302013E-6,2.404163420507523,8.030593913344316E-7-3.2950892445485146E-16i,8.030726662035281E-7+3.2951437135938356E-16i,7946651.834962127,7946783.196059331,0.9642891092525723-1.4069335755024623E-9i,0.47025402824788654-5.060769851654518E-10i
1.469731543624161E-6,1.4988027009900062+2.224522456086347E-9i,7.475184900286867E-7-1.3687306322270233E-15i,7.47513342241794E-7+1.3687212064620392E-15i,7946561.329419922,7946506.605416602,0.8894345765181797-1.3957895377763977E-9i,0.422311600025947+5.308461567714807E-9i
1.469731543624161E-6,2.404163420507522-4.847445063950465E-16i,7.475184900286867E-7-1.3687306322270233E-15i,7.47513342241794E-7+1.3687212064620392E-15i,7946561.329419922,7946506.605416602,0.8894345765181797-1.3957895377763977E-9i,0.422311600025947+5.308461567714807E-9i
1.4797986577181208E-6,1.4988027009900116+2.2245224560863346E-9i,6.790863196501668E-7+2.4648561050025357E-16i,6.790838361084163E-7-2.4648470905770225E-16i,7946578.593164715,7946549.531086427,0.8186116861907082-1.3934000396036408E-9i,0.3797192917004178-2.0195414377707255E-9i
1.4797986577181208E-6,2.404163420507525,6.790863196501668E-7+2.4648561050025357E-16i,6.790838361084163E-7-2.4648470905770225E-16i,7946578.593164715,7946549.531086427,0.8186116861907082-1.3934000396036408E-9i,0.3797192917004178-2.0195414377707255E-9i
1.4898657718120805E-6,1.4988027009900096+2.2245228602349917E-9i,6.249785719299441E-7-1.2853812519797446E-16i,6.249821107945427E-7+1.2853885302936144E-16i,7946635.8693607105,7946680.866212684,0.7527760123132167-1.3775209273194695E-9i,0.32467076706911957-3.697154172862264E-10i
1.4898657718120805E-6,2.404163420507522,6.249785719299441E-7-1.2853812519797446E-16i,6.249821107945427E-7+1.2853885302936144E-16i,7946635.8693607105,7946680.866212684,0.7527760123132167-1.3775209273194695E-9i,0.32467076706911957-3.697154172862264E-10i
1.4999328859060402E-6,1.4988027009900025+2.2245236685323104E-9i,5.710142936581414E-7-8.293955324832412E-16i,5.709950820449009E-7+8.293676277068275E-16i,7946550.547010172,7946283.187580706,0.683027032717281-1.354230740400737E-9i,0.2855306825606518+2.0978379500223045E-9i
1.4999328859060402E-6,2.404163420507522+7.271167595925697E-16i,5.710142936581414E-7-8.293955324832412E-16i,5.709950820449009E-7+8.293676277068275E-16i,7946550.547010172,7946283.187580706,0.683027032717281-1.354230740400737E-9i,0.2855306825606518+2.0978379500223045E-9i
1.51E-6,1.4988027009900138+2.22452003119442E-9i,5.135908103550683E-7+3.6234274644238083E-16i,5.136033327355794E-7-3.6235158108983725E-16i,7946358.126254152,7946551.874502887,0.6276773400185557-1.325810610993512E-9i,0.2506899502309491-3.6150508599391054E-9i
1.51E-6,2.4041634205075257-7.271167595925646E-16i,5.135908103550683E-7+3.6234274644238083E-16i,5.136033327355794E-7-3.6235158108983725E-16i,7946358.126254152,7946551.874502887,0.6276773400185557-1.325810610993512E-9i,0.2506899502309491-3.6150508599391054E-9i
